predicted_label,predicted_probability
0,0.4127116859832839
1,0.878855549749416
0,0.37655658028946015
0,0.21831353996537545
0,0.4959145652354785
0,0.4127116859832839
0,0.4127116859832839
0,0.4127116859832839
0,0.4127116859832839
1,0.5294593577424404
0,0.4127116859832839
0,0.394990580320961
0,0.09444014949744693
0,0.3179132379606168
0,0.3339234272482541
0,0.20642530757865352
0,0.05711078526047172
0,0.11612781040459295
0,0.4097105782332345
1,0.6479844909696482
0,0.23825317530348264
1,0.878855549749416
0,0.3523458993850065
1,0.5455206863038922
0,0.3473091388789752
0,0.3899769968284081
0,0.07569863001021067
0,0.4127116859832839
0,0.23179456644574592
0,0.42407719397629934
0,0.4127116859832839
0,0.4127116859832839
0,0.4127116859832839
0,0.4127116859832839
0,0.4127116859832839
1,0.5540777847422002
0,0.4127116859832839
0,0.4127116859832839
1,0.878855549749416
1,0.5439415378877915
0,0.03017891646767884
0,0.23179456644574592
1,0.6055495862075977
0,0.33255177175448075
1,0.5472384672562882
0,0.4127116859832839
1,0.6054130594949727
0,0.4127116859832839
0,0.10717364989530212
0,0.23179456644574592
0,0.4127116859832839
0,0.10501440901179171
1,0.8247377148173464
1,0.787514584988417
0,0.4127116859832839
0,0.4127116859832839
0,0.11289565589647342
0,0.12498383698614814
0,0.4127116859832839
0,0.30414079646458386
0,0.4127116859832839
0,0.4612922508652794
0,0.4127116859832839
0,0.08295038333001888
0,0.2764946827290674
0,0.0832208737294878
0,0.4135241616796629
1,0.878855549749416
0,0.1806750988300823
0,0.20161682876867443
0,0.4127116859832839
0,0.4127116859832839
0,0.4127116859832839
0,0.2643840785380882
0,0.4127116859832839
0,0.4127116859832839
0,0.4127116859832839
0,0.07874121664024893
0,0.3572311967688197
0,0.4127116859832839
0,0.4127116859832839
0,0.4127116859832839
0,0.19894368222330996
0,0.4127116859832839
0,0.06900348243084757
0,0.30414079646458386
0,0.16446763081499421
0,0.2743959654613021
0,0.12681301598804898
0,0.4127116859832839
0,0.4127116859832839
0,0.41371950561719445
0,0.41270202705380155
0,0.4127116859832839
1,0.7297956456581434
0,0.10003624217535602
0,0.41408116559369307
0,0.4127116859832839
0,0.4127116859832839
0,0.4127116859832839
1,0.9297735081975362
0,0.4127116859832839
0,0.4127116859832839
1,0.9353360643294203
1,0.5912548677600504
1,0.918355292678316
1,0.8626225499830569
1,0.9934788421172612
1,0.6479844909696482
0,0.42260233396178637
1,0.621506608919067
0,0.411357509799957
1,0.9353360643294203
0,0.41944216220516556
1,0.8461183211140958
1,0.5484750804643892
1,0.76988026829185
1,0.9934788421172612
0,0.4127116859832839
0,0.4127116859832839
0,0.1852678947404665
0,0.2504684075614538
1,0.878855549749416
1,0.947366514628429
1,0.9597266610846651
1,0.947366514628429
1,0.8034434418584322
0,0.4127116859832839
1,0.9304464716456333
0,0.23825317530348264
1,0.9573848124244148
0,0.4127116859832839
1,0.7321075658501613
1,0.9496156946451748
1,0.9033192041925473
0,0.4127116859832839
0,0.4127116859832839
1,0.9210021568511079
0,0.4127116859832839
1,0.8288059982365903
1,0.9934788421172612
0,0.3006835138414964
0,0.4248740588803794
1,0.9669640248079401
0,0.4127116859832839
0,0.4127116859832839
0,0.4127116859832839
0,0.3471466247576094
1,0.9447415061875096
1,0.7576991321051509
1,0.9921085792257182
1,0.9796982902950233
1,0.5326143379256008
1,0.5491993029599995
0,0.4127116859832839
1,0.5027165107615809
1,0.878855549749416
1,0.7594678613376714
1,0.8674535184862471
1,0.7734707655206601
0,0.42813721482189754
0,0.4127116859832839
1,0.7732053443699793
1,0.8873328343919382
1,0.9690573968033052
0,0.38377427486765203
1,0.8584390372628009
0,0.4127116859832839
1,0.7188563855656501
0,0.41344168484990695
0,0.3645132559410761
0,0.4127116859832839
0,0.4127116859832839
1,0.5655729328334572
0,0.4161720113646781
1,0.888623616526294
0,0.2719581843286339
0,0.4127116859832839
1,0.5567997937365098
1,0.6091681027570178
1,0.9353360643294203
1,0.8179953718525815
1,0.549363986873213
1,0.9934788421172612
0,0.4127116859832839
1,0.9570292703904003
1,0.9378855701954902
1,0.6260773460948069
0,0.32639349642597937
0,0.4127116859832839
1,0.8975959073680521
1,0.6022427163316579
0,0.432715387250065
1,0.9776183197188915
1,0.8570368211837245
1,0.5190462111517122
0,0.4127116859832839
0,0.3473091388789752
0,0.4629210456977014
0,0.4127116859832839
0,0.15028061423117836
0,0.48137422303756267
0,0.24064714619300426
0,0.38485003028060827
0,0.4127116859832839
0,0.3075417178142799
0,0.16020667479531778
0,0.0741691769069356
0,0.30286102342838545
0,0.4127116859832839
0,0.4127116859832839
0,0.19605036051442593
0,0.4127116859832839
0,0.3578865780669017
0,0.3987273171292288
0,0.4127116859832839
1,0.878855549749416
0,0.39453729999104814
0,0.3596667049636046
0,0.18852227939875515
0,0.2296051169772148
0,0.1108981370490877
0,0.48977725114632575
0,0.4127116859832839
0,0.4127116859832839
0,0.302272303154469
0,0.0512012017175033
0,0.29029466561840156
0,0.4127116859832839
0,0.4127116859832839
1,0.5534846076940058
0,0.4127116859832839
1,0.9030516375709484
0,0.34642685824517455
0,0.38485003028060827
0,0.07483906887004178
0,0.09656953419025158
0,0.48977725114632575
0,0.4127116859832839
0,0.2560342339860497
0,0.08359751452396863
0,0.07900109027146993
1,0.7588592617589112
0,0.39025568537393546
1,0.7034133690787553
0,0.3219909224781333
0,0.11548142106888941
0,0.2732846674358611
0,0.4127116859832839
0,0.4127116859832839
0,0.4127116859832839
1,0.7524800365080866
1,0.6054130594949727
0,0.13425155046518594
0,0.4127116859832839
0,0.10909690014757446
0,0.39720606760378124
0,0.19840086283412053
0,0.16784973604390008
0,0.4558248550970362
0,0.4127116859832839
0,0.4127116859832839
0,0.4326866983969526
0,0.2202811951897191
0,0.04964092004889312
0,0.4127116859832839
0,0.2008096322361026
0,0.11236796984076645
0,0.13105263993241398
0,0.38485003028060827
0,0.036531655481275044
0,0.39732583961714957
0,0.48977725114632575
0,0.3767058851863672
0,0.37162891378745494
0,0.2634027605937902
0,0.4127116859832839
0,0.39603216059732865
0,0.4127116859832839
0,0.39641974007495856
1,0.78254651567986
0,0.4127116859832839
0,0.4127116859832839
1,0.5566839493349123
0,0.4127116859832839
0,0.13425155046518594
0,0.48459591908505045
0,0.31993220747313045
0,0.3100012456586396
0,0.31429998089847133
0,0.14409070760351547
0,0.4127116859832839
0,0.16981846936084838
0,0.06567529191247665
1,0.5830689041443827
0,0.14800458546897263
0,0.3946446367746617
0,0.4127116859832839
0,0.1088427442782766
1,0.7575776415753043
0,0.4550092639667136
0,0.4127116859832839
1,0.8964626116248832
0,0.48977725114632575
1,0.9332786753081741
1,0.6241716522227563
0,0.48977725114632575
0,0.4127116859832839
0,0.48977725114632575
0,0.30379826164029067
0,0.41365332414851136
0,0.4127116859832839
0,0.4127116859832839
0,0.48977725114632575
0,0.369648357073753
1,0.8570368211837245
0,0.3977289439214616
1,0.9353360643294203
0,0.4127116859832839
1,0.7332154546953967
1,0.8547667186977143
1,0.8225177337939586
1,0.5418944380799922
1,0.7203789103329639
1,0.639400467293757
1,0.5740399348847511
1,0.9521808545783182
0,0.4209558629151603
1,0.8556978838829634
0,0.38485003028060827
1,0.8057953501314158
0,0.4127116859832839
0,0.4127116859832839
0,0.28429393768945566
0,0.4127116859832839
1,0.7324442499213597
1,0.6619756759444101
1,0.8194043821027833
0,0.4127116859832839
0,0.4127116859832839
0,0.4127116859832839
0,0.3100012456586396
1,0.7431636267674734
0,0.4127116859832839
1,0.924800913697589
1,0.7203789103329639
0,0.4291697575630908
0,0.4127116859832839
0,0.3919465328922758
1,0.6245604589470314
0,0.45465338595974214
0,0.4127116859832839
1,0.7247124810921363
1,0.639400467293757
1,0.8612144218519213
0,0.4127116859832839
0,0.38485003028060827
0,0.4127116859832839
1,0.9736410290823013
1,0.7158950658269422
0,0.48977725114632575
1,0.7699483038491114
0,0.48977725114632575
0,0.27826830472277597
1,0.8102796226436912
1,0.6472922979440873
1,0.8573758194834032
1,0.5712150724593553
0,0.48977725114632575
0,0.4127116859832839
0,0.4127116859832839
0,0.4127116859832839
0,0.4127116859832839
1,0.5618504992951043
0,0.4127116859832839
1,0.5647695595950988
0,0.4770245963340125
0,0.4127116859832839
0,0.39925889868537734
0,0.3532840129644598
0,0.4453753886156676
0,0.48977725114632575
0,0.4717669247250085
1,0.8740027377973375
1,0.5218036278600742
0,0.4127116859832839
0,0.4127116859832839
0,0.4127116859832839
1,0.8498807299207087
1,0.8047448611148836
0,0.4127116859832839
0,0.2819745367770451
1,0.5490664161329273
0,0.43721585960216225
0,0.42151142400271624
1,0.9470899912324099
0,0.4630993598756394
0,0.38485003028060827
0,0.2789759745388402
0,0.34452893350358943
0,0.04964092004889312
0,0.21831353996537545
0,0.04136983986209774
0,0.26919261001969147
0,0.39899035809092404
0,0.4127116859832839
0,0.13716101707621123
0,0.15473783622571913
0,0.19850493484149662
0,0.41408116559369307
0,0.4127116859832839
0,0.07874121664024893
0,0.4127116859832839
0,0.4127116859832839
0,0.4127116859832839
0,0.22303421705657725
0,0.4127116859832839
0,0.1593337844480946
0,0.3902009471493834
0,0.2205314167882484
0,0.4127116859832839
0,0.4127116859832839
0,0.4127116859832839
0,0.40881830954314086
1,0.5119168006890666
1,0.5281732445114344
0,0.41349074347504855
0,0.4127116859832839
0,0.42552309415579637
0,0.4127116859832839
0,0.3339234272482541
0,0.4127116859832839
0,0.4650808537759861
0,0.4127116859832839
0,0.4127116859832839
0,0.4135450702287269
0,0.4127116859832839
0,0.2871085351787847
0,0.4127116859832839
0,0.38731397830358916
0,0.41408116559369307
0,0.3100012456586396
0,0.4127116859832839
0,0.4127116859832839
0,0.04964092004889312
0,0.4127116859832839
0,0.4945617676467547
0,0.4945617676467547
1,0.633801563433867
0,0.4409754002786477
1,0.5283351200051704
0,0.4127116859832839
0,0.4127116859832839
0,0.4127116859832839
0,0.04964092004889312
0,0.40667980487440913
0,0.4326866983969526
0,0.24064714619300426
0,0.11548142106888941
0,0.4127116859832839
0,0.11008458108332363
0,0.10888900177711142
1,0.8047448611148836
0,0.38945174341415284
0,0.4127116859832839
1,0.7079179435341834
0,0.3731557012747888
0,0.33133588164086086
0,0.4127116859832839
1,0.6965938100430699
1,0.5736224388820019
0,0.3100012456586396
1,0.6579568011000781
0,0.36799476281736576
1,0.5372940947589809
1,0.7737453970487234
0,0.4127116859832839
0,0.4127116859832839
0,0.10508295410242784
0,0.4127116859832839
0,0.17747322075246952
0,0.3760393030065015
1,0.5201449204010105
0,0.28133793292819015
0,0.4127116859832839
0,0.4127116859832839
0,0.07900109027146993
0,0.4127116859832839
0,0.41408116559369307
0,0.4127116859832839
1,0.878855549749416
0,0.1761074812358595
0,0.34175629146752406
1,0.878855549749416
1,0.7575250263091083
0,0.4127116859832839
0,0.20993907286078428
0,0.08116840384993514
0,0.4127116859832839
0,0.35933192361235644
1,0.8551097836916146
1,0.787514584988417
1,0.878855549749416
0,0.41408116559369307
0,0.3731557012747888
0,0.4711957087700995
1,0.891831909188903
1,0.8185778863554409
1,0.9934788421172612
0,0.3868756306431234
0,0.4127116859832839
1,0.7694524674173036
0,0.4443042136714225
1,0.5721718586880761
0,0.4786263585625782
1,0.75122571372426
1,0.9295765080507201
1,0.7032839050495853
1,0.6414165197562298
0,0.4127116859832839
1,0.5683881954440787
0,0.4127116859832839
1,0.5213387929407355
0,0.3047822670177904
1,0.878855549749416
1,0.7682194793291921
0,0.48419405345198985
0,0.3760393030065015
0,0.4127116859832839
1,0.986888095795903
0,0.240626289323501
1,0.9934788421172612
0,0.39692822313854065
1,0.6148263984010721
0,0.41365348350567144
0,0.3760393030065015
0,0.3971959131089453
0,0.4127116859832839
1,0.9030516375709484
1,0.792181651032247
0,0.46832760163824005
1,0.8578647106270546
1,0.9411396134570115
1,0.878855549749416
0,0.4127116859832839
1,0.5986054543519295
0,0.4127116859832839
0,0.4127116859832839
1,0.9934788421172612
1,0.9800849628771056
0,0.4127116859832839
0,0.19542625202050398
1,0.7175733229716739
1,0.9470195812449301
1,0.6966991346609838
1,0.9934788421172612
1,0.9295765080507201
1,0.9030516375709484
0,0.4127116859832839
0,0.4127116859832839
1,0.6478417516622831
1,0.915557671362962
1,0.8787909742610165
1,0.878855549749416
1,0.776519385032257
1,0.5184292746825769
0,0.4127116859832839
1,0.9353360643294203
1,0.7247124810921363
0,0.4127116859832839
1,0.9934788421172612
0,0.3731557012747888
0,0.3731557012747888
0,0.4127116859832839
0,0.4127116859832839
0,0.4127116859832839
0,0.4127116859832839
1,0.9346007037602433
0,0.4127116859832839
0,0.4127116859832839
1,0.9587140553426534
0,0.3760393030065015
1,0.8369738465154813
0,0.4127116859832839
1,0.6166306436085152
1,0.9030516375709484
1,0.878855549749416
1,0.7594290117664763
1,0.9584874788677683
0,0.4647804007673652
0,0.2843921723411204
0,0.4127116859832839
1,0.7123596675399675
0,0.4127116859832839
1,0.9493078354444789
1,0.9599709815596849
1,0.6096534293399679
1,0.8222108284490518
1,0.979352761252973
1,0.8034434418584322
